Date,DayOfWeek,Month,Quarter,Year,FiscalPeriod
2023-01-01,Friday,July,Q1,2023,FY2023-Q1
2023-01-02,Monday,February,Q2,2023,FY2023-Q2
2023-01-03,Friday,July,Q3,2023,FY2023-Q3
2023-01-04,Monday,September,Q4,2023,FY2023-Q4
2023-01-05,Tuesday,February,Q1,2023,FY2023-Q1
2023-01-06,Saturday,June,Q2,2023,FY2023-Q2
2023-01-07,Wednesday,October,Q3,2023,FY2023-Q3
2023-01-08,Thursday,March,Q4,2023,FY2023-Q4
2023-01-09,Sunday,April,Q1,2023,FY2023-Q1
2023-01-10,Saturday,August,Q2,2023,FY2023-Q2
2023-01-11,Thursday,December,Q3,2023,FY2023-Q3
2023-01-12,Monday,February,Q4,2023,FY2023-Q4
2023-01-13,Saturday,February,Q1,2023,FY2023-Q1
2023-01-14,Thursday,July,Q2,2023,FY2023-Q2
2023-01-15,Saturday,November,Q3,2023,FY2023-Q3
2023-01-16,Friday,July,Q4,2023,FY2023-Q4
2023-01-17,Wednesday,March,Q1,2023,FY2023-Q1
2023-01-18,Sunday,July,Q2,2023,FY2023-Q2
2023-01-19,Tuesday,May,Q3,2023,FY2023-Q3
2023-01-20,Monday,March,Q4,2023,FY2023-Q4
2023-01-21,Friday,May,Q1,2023,FY2023-Q1
2023-01-22,Sunday,January,Q2,2023,FY2023-Q2
2023-01-23,Monday,November,Q3,2023,FY2023-Q3
2023-01-24,Sunday,July,Q4,2023,FY2023-Q4
2023-01-25,Thursday,February,Q1,2023,FY2023-Q1
2023-01-26,Friday,September,Q2,2023,FY2023-Q2
2023-01-27,Tuesday,February,Q3,2023,FY2023-Q3
2023-01-28,Friday,March,Q4,2023,FY2023-Q4
2023-01-29,Friday,June,Q1,2023,FY2023-Q1
2023-01-30,Sunday,August,Q2,2023,FY2023-Q2
2023-01-31,Monday,August,Q3,2023,FY2023-Q3
2023-02-01,Friday,September,Q4,2023,FY2023-Q4
2023-02-02,Monday,August,Q1,2023,FY2023-Q1
2023-02-03,Wednesday,September,Q2,2023,FY2023-Q2
2023-02-04,Sunday,September,Q3,2023,FY2023-Q3
2023-02-05,Friday,October,Q4,2023,FY2023-Q4
2023-02-06,Tuesday,September,Q1,2023,FY2023-Q1
2023-02-07,Monday,March,Q2,2023,FY2023-Q2
2023-02-08,Thursday,November,Q3,2023,FY2023-Q3
2023-02-09,Wednesday,January,Q4,2023,FY2023-Q4
2023-02-10,Wednesday,May,Q1,2023,FY2023-Q1
2023-02-11,Tuesday,July,Q2,2023,FY2023-Q2
2023-02-12,Tuesday,February,Q3,2023,FY2023-Q3
2023-02-13,Friday,April,Q4,2023,FY2023-Q4
2023-02-14,Wednesday,May,Q1,2023,FY2023-Q1
2023-02-15,Thursday,February,Q2,2023,FY2023-Q2
2023-02-16,Sunday,June,Q3,2023,FY2023-Q3
2023-02-17,Monday,March,Q4,2023,FY2023-Q4
2023-02-18,Sunday,October,Q1,2023,FY2023-Q1
2023-02-19,Saturday,July,Q2,2023,FY2023-Q2
2023-02-20,Thursday,December,Q3,2023,FY2023-Q3
2023-02-21,Friday,December,Q4,2023,FY2023-Q4
2023-02-22,Wednesday,August,Q1,2023,FY2023-Q1
2023-02-23,Sunday,July,Q2,2023,FY2023-Q2
2023-02-24,Wednesday,January,Q3,2023,FY2023-Q3
2023-02-25,Tuesday,June,Q4,2023,FY2023-Q4
2023-02-26,Monday,August,Q1,2023,FY2023-Q1
2023-02-27,Tuesday,January,Q2,2023,FY2023-Q2
2023-02-28,Saturday,January,Q3,2023,FY2023-Q3
2023-03-01,Sunday,May,Q4,2023,FY2023-Q4
2023-03-02,Wednesday,August,Q1,2023,FY2023-Q1
2023-03-03,Monday,July,Q2,2023,FY2023-Q2
2023-03-04,Saturday,July,Q3,2023,FY2023-Q3
2023-03-05,Wednesday,May,Q4,2023,FY2023-Q4
2023-03-06,Wednesday,January,Q1,2023,FY2023-Q1
2023-03-07,Sunday,March,Q2,2023,FY2023-Q2
2023-03-08,Friday,March,Q3,2023,FY2023-Q3
2023-03-09,Tuesday,April,Q4,2023,FY2023-Q4
2023-03-10,Friday,April,Q1,2023,FY2023-Q1
2023-03-11,Saturday,February,Q2,2023,FY2023-Q2
2023-03-12,Thursday,January,Q3,2023,FY2023-Q3
2023-03-13,Wednesday,December,Q4,2023,FY2023-Q4
2023-03-14,Friday,November,Q1,2023,FY2023-Q1
2023-03-15,Saturday,January,Q2,2023,FY2023-Q2
2023-03-16,Tuesday,March,Q3,2023,FY2023-Q3
2023-03-17,Wednesday,September,Q4,2023,FY2023-Q4
2023-03-18,Thursday,July,Q1,2023,FY2023-Q1
2023-03-19,Friday,August,Q2,2023,FY2023-Q2
2023-03-20,Sunday,September,Q3,2023,FY2023-Q3
2023-03-21,Monday,February,Q4,2023,FY2023-Q4
2023-03-22,Monday,May,Q1,2023,FY2023-Q1
2023-03-23,Thursday,November,Q2,2023,FY2023-Q2
2023-03-24,Friday,February,Q3,2023,FY2023-Q3
2023-03-25,Sunday,December,Q4,2023,FY2023-Q4
2023-03-26,Saturday,October,Q1,2023,FY2023-Q1
2023-03-27,Tuesday,June,Q2,2023,FY2023-Q2
2023-03-28,Sunday,October,Q3,2023,FY2023-Q3
2023-03-29,Sunday,June,Q4,2023,FY2023-Q4
2023-03-30,Saturday,September,Q1,2023,FY2023-Q1
2023-03-31,Monday,December,Q2,2023,FY2023-Q2
2023-04-01,Friday,September,Q3,2023,FY2023-Q3
2023-04-02,Friday,November,Q4,2023,FY2023-Q4
2023-04-03,Tuesday,January,Q1,2023,FY2023-Q1
2023-04-04,Saturday,February,Q2,2023,FY2023-Q2
2023-04-05,Saturday,February,Q3,2023,FY2023-Q3
2023-04-06,Saturday,November,Q4,2023,FY2023-Q4
2023-04-07,Thursday,November,Q1,2023,FY2023-Q1
2023-04-08,Monday,May,Q2,2023,FY2023-Q2
2023-04-09,Sunday,November,Q3,2023,FY2023-Q3
2023-04-10,Tuesday,June,Q4,2023,FY2023-Q4
2023-04-11,Monday,September,Q1,2023,FY2023-Q1
2023-04-12,Wednesday,April,Q2,2023,FY2023-Q2
2023-04-13,Friday,April,Q3,2023,FY2023-Q3
2023-04-14,Monday,December,Q4,2023,FY2023-Q4
2023-04-15,Sunday,May,Q1,2023,FY2023-Q1
2023-04-16,Tuesday,July,Q2,2023,FY2023-Q2
2023-04-17,Saturday,January,Q3,2023,FY2023-Q3
2023-04-18,Friday,December,Q4,2023,FY2023-Q4
2023-04-19,Friday,February,Q1,2023,FY2023-Q1
2023-04-20,Tuesday,January,Q2,2023,FY2023-Q2
2023-04-21,Sunday,July,Q3,2023,FY2023-Q3
2023-04-22,Tuesday,October,Q4,2023,FY2023-Q4
2023-04-23,Saturday,November,Q1,2023,FY2023-Q1
2023-04-24,Friday,May,Q2,2023,FY2023-Q2
2023-04-25,Thursday,May,Q3,2023,FY2023-Q3
2023-04-26,Sunday,January,Q4,2023,FY2023-Q4
2023-04-27,Monday,January,Q1,2023,FY2023-Q1
2023-04-28,Friday,June,Q2,2023,FY2023-Q2
2023-04-29,Thursday,May,Q3,2023,FY2023-Q3
2023-04-30,Wednesday,September,Q4,2023,FY2023-Q4
2023-05-01,Thursday,February,Q1,2023,FY2023-Q1
2023-05-02,Saturday,February,Q2,2023,FY2023-Q2
2023-05-03,Tuesday,May,Q3,2023,FY2023-Q3
2023-05-04,Thursday,July,Q4,2023,FY2023-Q4
2023-05-05,Friday,November,Q1,2023,FY2023-Q1
2023-05-06,Friday,October,Q2,2023,FY2023-Q2
2023-05-07,Thursday,November,Q3,2023,FY2023-Q3
2023-05-08,Friday,September,Q4,2023,FY2023-Q4
2023-05-09,Sunday,June,Q1,2023,FY2023-Q1
2023-05-10,Thursday,February,Q2,2023,FY2023-Q2
2023-05-11,Wednesday,December,Q3,2023,FY2023-Q3
2023-05-12,Tuesday,February,Q4,2023,FY2023-Q4
2023-05-13,Sunday,May,Q1,2023,FY2023-Q1
2023-05-14,Thursday,November,Q2,2023,FY2023-Q2
2023-05-15,Saturday,December,Q3,2023,FY2023-Q3
2023-05-16,Saturday,November,Q4,2023,FY2023-Q4
2023-05-17,Wednesday,June,Q1,2023,FY2023-Q1
2023-05-18,Tuesday,July,Q2,2023,FY2023-Q2
2023-05-19,Wednesday,April,Q3,2023,FY2023-Q3
2023-05-20,Saturday,May,Q4,2023,FY2023-Q4
2023-05-21,Tuesday,November,Q1,2023,FY2023-Q1
2023-05-22,Wednesday,January,Q2,2023,FY2023-Q2
2023-05-23,Thursday,July,Q3,2023,FY2023-Q3
2023-05-24,Friday,February,Q4,2023,FY2023-Q4
2023-05-25,Saturday,April,Q1,2023,FY2023-Q1
2023-05-26,Friday,March,Q2,2023,FY2023-Q2
2023-05-27,Thursday,February,Q3,2023,FY2023-Q3
2023-05-28,Thursday,May,Q4,2023,FY2023-Q4
2023-05-29,Thursday,November,Q1,2023,FY2023-Q1
2023-05-30,Sunday,July,Q2,2023,FY2023-Q2
2023-05-31,Saturday,June,Q3,2023,FY2023-Q3
2023-06-01,Tuesday,January,Q4,2023,FY2023-Q4
2023-06-02,Friday,May,Q1,2023,FY2023-Q1
2023-06-03,Friday,September,Q2,2023,FY2023-Q2
2023-06-04,Monday,February,Q3,2023,FY2023-Q3
2023-06-05,Tuesday,September,Q4,2023,FY2023-Q4
2023-06-06,Monday,October,Q1,2023,FY2023-Q1
2023-06-07,Thursday,June,Q2,2023,FY2023-Q2
2023-06-08,Friday,November,Q3,2023,FY2023-Q3
2023-06-09,Friday,September,Q4,2023,FY2023-Q4
2023-06-10,Saturday,November,Q1,2023,FY2023-Q1
2023-06-11,Sunday,May,Q2,2023,FY2023-Q2
2023-06-12,Friday,April,Q3,2023,FY2023-Q3
2023-06-13,Thursday,March,Q4,2023,FY2023-Q4
2023-06-14,Friday,January,Q1,2023,FY2023-Q1
2023-06-15,Monday,June,Q2,2023,FY2023-Q2
2023-06-16,Monday,September,Q3,2023,FY2023-Q3
2023-06-17,Monday,November,Q4,2023,FY2023-Q4
2023-06-18,Thursday,March,Q1,2023,FY2023-Q1
2023-06-19,Monday,March,Q2,2023,FY2023-Q2
2023-06-20,Thursday,November,Q3,2023,FY2023-Q3
2023-06-21,Monday,September,Q4,2023,FY2023-Q4
2023-06-22,Sunday,June,Q1,2023,FY2023-Q1
2023-06-23,Sunday,March,Q2,2023,FY2023-Q2
2023-06-24,Thursday,August,Q3,2023,FY2023-Q3
2023-06-25,Saturday,January,Q4,2023,FY2023-Q4
2023-06-26,Monday,April,Q1,2023,FY2023-Q1
2023-06-27,Tuesday,June,Q2,2023,FY2023-Q2
2023-06-28,Thursday,March,Q3,2023,FY2023-Q3
2023-06-29,Monday,January,Q4,2023,FY2023-Q4
2023-06-30,Saturday,June,Q1,2023,FY2023-Q1
2023-07-01,Sunday,May,Q2,2023,FY2023-Q2
2023-07-02,Tuesday,July,Q3,2023,FY2023-Q3
2023-07-03,Sunday,October,Q4,2023,FY2023-Q4
2023-07-04,Tuesday,April,Q1,2023,FY2023-Q1
2023-07-05,Tuesday,September,Q2,2023,FY2023-Q2
2023-07-06,Friday,February,Q3,2023,FY2023-Q3
2023-07-07,Sunday,September,Q4,2023,FY2023-Q4
2023-07-08,Tuesday,May,Q1,2023,FY2023-Q1
2023-07-09,Wednesday,July,Q2,2023,FY2023-Q2
2023-07-10,Wednesday,August,Q3,2023,FY2023-Q3
2023-07-11,Saturday,March,Q4,2023,FY2023-Q4
2023-07-12,Thursday,November,Q1,2023,FY2023-Q1
2023-07-13,Friday,May,Q2,2023,FY2023-Q2
2023-07-14,Wednesday,November,Q3,2023,FY2023-Q3
2023-07-15,Sunday,March,Q4,2023,FY2023-Q4
2023-07-16,Wednesday,July,Q1,2023,FY2023-Q1
2023-07-17,Tuesday,July,Q2,2023,FY2023-Q2
2023-07-18,Monday,September,Q3,2023,FY2023-Q3
2023-07-19,Friday,August,Q4,2023,FY2023-Q4
2023-07-20,Monday,October,Q1,2023,FY2023-Q1
2023-07-21,Wednesday,March,Q2,2023,FY2023-Q2
2023-07-22,Monday,March,Q3,2023,FY2023-Q3
2023-07-23,Saturday,November,Q4,2023,FY2023-Q4
2023-07-24,Friday,November,Q1,2023,FY2023-Q1
2023-07-25,Saturday,August,Q2,2023,FY2023-Q2
2023-07-26,Friday,July,Q3,2023,FY2023-Q3
2023-07-27,Monday,December,Q4,2023,FY2023-Q4
2023-07-28,Wednesday,November,Q1,2023,FY2023-Q1
2023-07-29,Friday,August,Q2,2023,FY2023-Q2
2023-07-30,Tuesday,December,Q3,2023,FY2023-Q3
2023-07-31,Wednesday,March,Q4,2023,FY2023-Q4
2023-08-01,Monday,June,Q1,2023,FY2023-Q1
2023-08-02,Friday,March,Q2,2023,FY2023-Q2
2023-08-03,Thursday,January,Q3,2023,FY2023-Q3
2023-08-04,Wednesday,July,Q4,2023,FY2023-Q4
2023-08-05,Tuesday,May,Q1,2023,FY2023-Q1
2023-08-06,Sunday,April,Q2,2023,FY2023-Q2
2023-08-07,Sunday,July,Q3,2023,FY2023-Q3
2023-08-08,Saturday,October,Q4,2023,FY2023-Q4
2023-08-09,Sunday,February,Q1,2023,FY2023-Q1
2023-08-10,Monday,May,Q2,2023,FY2023-Q2
2023-08-11,Thursday,July,Q3,2023,FY2023-Q3
2023-08-12,Thursday,November,Q4,2023,FY2023-Q4
2023-08-13,Wednesday,April,Q1,2023,FY2023-Q1
2023-08-14,Wednesday,September,Q2,2023,FY2023-Q2
2023-08-15,Sunday,September,Q3,2023,FY2023-Q3
2023-08-16,Wednesday,February,Q4,2023,FY2023-Q4
2023-08-17,Monday,January,Q1,2023,FY2023-Q1
2023-08-18,Tuesday,October,Q2,2023,FY2023-Q2
2023-08-19,Wednesday,July,Q3,2023,FY2023-Q3
2023-08-20,Tuesday,February,Q4,2023,FY2023-Q4
2023-08-21,Thursday,April,Q1,2023,FY2023-Q1
2023-08-22,Saturday,September,Q2,2023,FY2023-Q2
2023-08-23,Friday,August,Q3,2023,FY2023-Q3
2023-08-24,Wednesday,May,Q4,2023,FY2023-Q4
2023-08-25,Friday,March,Q1,2023,FY2023-Q1
2023-08-26,Saturday,July,Q2,2023,FY2023-Q2
2023-08-27,Monday,August,Q3,2023,FY2023-Q3
2023-08-28,Monday,February,Q4,2023,FY2023-Q4
2023-08-29,Tuesday,May,Q1,2023,FY2023-Q1
2023-08-30,Wednesday,August,Q2,2023,FY2023-Q2
2023-08-31,Monday,April,Q3,2023,FY2023-Q3
2023-09-01,Sunday,November,Q4,2023,FY2023-Q4
2023-09-02,Monday,June,Q1,2023,FY2023-Q1
2023-09-03,Thursday,December,Q2,2023,FY2023-Q2
2023-09-04,Friday,March,Q3,2023,FY2023-Q3
2023-09-05,Sunday,December,Q4,2023,FY2023-Q4
2023-09-06,Tuesday,April,Q1,2023,FY2023-Q1
2023-09-07,Monday,November,Q2,2023,FY2023-Q2
2023-09-08,Friday,March,Q3,2023,FY2023-Q3
2023-09-09,Wednesday,April,Q4,2023,FY2023-Q4
2023-09-10,Friday,February,Q1,2023,FY2023-Q1
2023-09-11,Monday,June,Q2,2023,FY2023-Q2
2023-09-12,Thursday,May,Q3,2023,FY2023-Q3
2023-09-13,Tuesday,November,Q4,2023,FY2023-Q4
2023-09-14,Friday,September,Q1,2023,FY2023-Q1
2023-09-15,Wednesday,November,Q2,2023,FY2023-Q2
2023-09-16,Sunday,August,Q3,2023,FY2023-Q3
2023-09-17,Saturday,September,Q4,2023,FY2023-Q4
2023-09-18,Friday,November,Q1,2023,FY2023-Q1
2023-09-19,Sunday,August,Q2,2023,FY2023-Q2
2023-09-20,Wednesday,September,Q3,2023,FY2023-Q3
2023-09-21,Tuesday,January,Q4,2023,FY2023-Q4
2023-09-22,Thursday,August,Q1,2023,FY2023-Q1
2023-09-23,Thursday,August,Q2,2023,FY2023-Q2
2023-09-24,Friday,March,Q3,2023,FY2023-Q3
2023-09-25,Tuesday,May,Q4,2023,FY2023-Q4
2023-09-26,Tuesday,June,Q1,2023,FY2023-Q1
2023-09-27,Monday,March,Q2,2023,FY2023-Q2
2023-09-28,Friday,December,Q3,2023,FY2023-Q3
2023-09-29,Monday,August,Q4,2023,FY2023-Q4
2023-09-30,Sunday,March,Q1,2023,FY2023-Q1
2023-10-01,Wednesday,March,Q2,2023,FY2023-Q2
2023-10-02,Friday,August,Q3,2023,FY2023-Q3
2023-10-03,Tuesday,April,Q4,2023,FY2023-Q4
2023-10-04,Saturday,April,Q1,2023,FY2023-Q1
2023-10-05,Monday,September,Q2,2023,FY2023-Q2
2023-10-06,Monday,February,Q3,2023,FY2023-Q3
2023-10-07,Monday,December,Q4,2023,FY2023-Q4
2023-10-08,Saturday,January,Q1,2023,FY2023-Q1
2023-10-09,Friday,October,Q2,2023,FY2023-Q2
2023-10-10,Saturday,February,Q3,2023,FY2023-Q3
2023-10-11,Sunday,December,Q4,2023,FY2023-Q4
2023-10-12,Saturday,November,Q1,2023,FY2023-Q1
2023-10-13,Tuesday,April,Q2,2023,FY2023-Q2
2023-10-14,Saturday,September,Q3,2023,FY2023-Q3
2023-10-15,Monday,November,Q4,2023,FY2023-Q4
2023-10-16,Saturday,April,Q1,2023,FY2023-Q1
2023-10-17,Tuesday,April,Q2,2023,FY2023-Q2
2023-10-18,Wednesday,June,Q3,2023,FY2023-Q3
2023-10-19,Saturday,February,Q4,2023,FY2023-Q4
2023-10-20,Sunday,October,Q1,2023,FY2023-Q1
2023-10-21,Wednesday,October,Q2,2023,FY2023-Q2
2023-10-22,Friday,July,Q3,2023,FY2023-Q3
2023-10-23,Friday,February,Q4,2023,FY2023-Q4
2023-10-24,Thursday,December,Q1,2023,FY2023-Q1
2023-10-25,Thursday,April,Q2,2023,FY2023-Q2
2023-10-26,Wednesday,March,Q3,2023,FY2023-Q3
2023-10-27,Tuesday,July,Q4,2023,FY2023-Q4
2023-10-28,Tuesday,February,Q1,2023,FY2023-Q1
2023-10-29,Thursday,November,Q2,2023,FY2023-Q2
2023-10-30,Tuesday,March,Q3,2023,FY2023-Q3
2023-10-31,Saturday,May,Q4,2023,FY2023-Q4
2023-11-01,Thursday,August,Q1,2023,FY2023-Q1
2023-11-02,Monday,June,Q2,2023,FY2023-Q2
2023-11-03,Sunday,December,Q3,2023,FY2023-Q3
2023-11-04,Monday,September,Q4,2023,FY2023-Q4
2023-11-05,Saturday,October,Q1,2023,FY2023-Q1
2023-11-06,Friday,March,Q2,2023,FY2023-Q2
2023-11-07,Monday,October,Q3,2023,FY2023-Q3
2023-11-08,Wednesday,March,Q4,2023,FY2023-Q4
2023-11-09,Sunday,June,Q1,2023,FY2023-Q1
2023-11-10,Wednesday,March,Q2,2023,FY2023-Q2
2023-11-11,Monday,November,Q3,2023,FY2023-Q3
2023-11-12,Tuesday,February,Q4,2023,FY2023-Q4
2023-11-13,Saturday,January,Q1,2023,FY2023-Q1
2023-11-14,Tuesday,September,Q2,2023,FY2023-Q2
2023-11-15,Saturday,October,Q3,2023,FY2023-Q3
2023-11-16,Sunday,January,Q4,2023,FY2023-Q4
2023-11-17,Tuesday,January,Q1,2023,FY2023-Q1
2023-11-18,Monday,November,Q2,2023,FY2023-Q2
2023-11-19,Friday,August,Q3,2023,FY2023-Q3
2023-11-20,Sunday,June,Q4,2023,FY2023-Q4
2023-11-21,Saturday,March,Q1,2023,FY2023-Q1
2023-11-22,Thursday,April,Q2,2023,FY2023-Q2
2023-11-23,Monday,April,Q3,2023,FY2023-Q3
2023-11-24,Monday,April,Q4,2023,FY2023-Q4
2023-11-25,Sunday,August,Q1,2023,FY2023-Q1
2023-11-26,Monday,March,Q2,2023,FY2023-Q2
2023-11-27,Friday,September,Q3,2023,FY2023-Q3
2023-11-28,Friday,May,Q4,2023,FY2023-Q4
2023-11-29,Saturday,April,Q1,2023,FY2023-Q1
2023-11-30,Monday,May,Q2,2023,FY2023-Q2
2023-12-01,Monday,August,Q3,2023,FY2023-Q3
2023-12-02,Sunday,July,Q4,2023,FY2023-Q4
2023-12-03,Monday,May,Q1,2023,FY2023-Q1
2023-12-04,Thursday,January,Q2,2023,FY2023-Q2
2023-12-05,Monday,May,Q3,2023,FY2023-Q3
2023-12-06,Monday,June,Q4,2023,FY2023-Q4
2023-12-07,Friday,February,Q1,2023,FY2023-Q1
2023-12-08,Tuesday,May,Q2,2023,FY2023-Q2
2023-12-09,Monday,April,Q3,2023,FY2023-Q3
2023-12-10,Tuesday,June,Q4,2023,FY2023-Q4
2023-12-11,Wednesday,April,Q1,2023,FY2023-Q1
2023-12-12,Monday,December,Q2,2023,FY2023-Q2
2023-12-13,Tuesday,April,Q3,2023,FY2023-Q3
2023-12-14,Monday,July,Q4,2023,FY2023-Q4
2023-12-15,Monday,September,Q1,2023,FY2023-Q1
2023-12-16,Sunday,April,Q2,2023,FY2023-Q2
2023-12-17,Sunday,February,Q3,2023,FY2023-Q3
2023-12-18,Friday,February,Q4,2023,FY2023-Q4
2023-12-19,Tuesday,October,Q1,2023,FY2023-Q1
2023-12-20,Wednesday,March,Q2,2023,FY2023-Q2
2023-12-21,Sunday,October,Q3,2023,FY2023-Q3
2023-12-22,Friday,September,Q4,2023,FY2023-Q4
2023-12-23,Thursday,August,Q1,2023,FY2023-Q1
2023-12-24,Monday,June,Q2,2023,FY2023-Q2
2023-12-25,Saturday,May,Q3,2023,FY2023-Q3
2023-12-26,Tuesday,October,Q4,2023,FY2023-Q4
2023-12-27,Friday,November,Q1,2023,FY2023-Q1
2023-12-28,Sunday,September,Q2,2023,FY2023-Q2
2023-12-29,Sunday,July,Q3,2023,FY2023-Q3
2023-12-30,Tuesday,May,Q4,2023,FY2023-Q4
2023-12-31,Wednesday,August,Q1,2023,FY2023-Q1
2024-01-01,Sunday,August,Q2,2023,FY2023-Q2
2024-01-02,Monday,November,Q3,2023,FY2023-Q3
2024-01-03,Friday,October,Q4,2023,FY2023-Q4
2024-01-04,Monday,January,Q1,2023,FY2023-Q1
2024-01-05,Tuesday,March,Q2,2023,FY2023-Q2
2024-01-06,Friday,June,Q3,2023,FY2023-Q3
2024-01-07,Sunday,April,Q4,2023,FY2023-Q4
2024-01-08,Wednesday,August,Q1,2023,FY2023-Q1
2024-01-09,Thursday,November,Q2,2023,FY2023-Q2
2024-01-10,Monday,October,Q3,2023,FY2023-Q3
2024-01-11,Monday,March,Q4,2023,FY2023-Q4
2024-01-12,Monday,July,Q1,2023,FY2023-Q1
2024-01-13,Saturday,March,Q2,2023,FY2023-Q2
2024-01-14,Friday,September,Q3,2023,FY2023-Q3
2024-01-15,Monday,March,Q4,2023,FY2023-Q4
2024-01-16,Saturday,February,Q1,2023,FY2023-Q1
2024-01-17,Tuesday,November,Q2,2023,FY2023-Q2
2024-01-18,Friday,November,Q3,2023,FY2023-Q3
2024-01-19,Thursday,April,Q4,2023,FY2023-Q4
2024-01-20,Friday,October,Q1,2023,FY2023-Q1
2024-01-21,Saturday,April,Q2,2023,FY2023-Q2
2024-01-22,Thursday,February,Q3,2023,FY2023-Q3
2024-01-23,Thursday,March,Q4,2023,FY2023-Q4
2024-01-24,Sunday,November,Q1,2023,FY2023-Q1
2024-01-25,Thursday,January,Q2,2023,FY2023-Q2
2024-01-26,Friday,September,Q3,2023,FY2023-Q3
2024-01-27,Thursday,August,Q4,2023,FY2023-Q4
2024-01-28,Thursday,March,Q1,2023,FY2023-Q1
2024-01-29,Friday,May,Q2,2023,FY2023-Q2
2024-01-30,Sunday,October,Q3,2023,FY2023-Q3
2024-01-31,Sunday,August,Q4,2023,FY2023-Q4
2024-02-01,Friday,September,Q1,2023,FY2023-Q1
2024-02-02,Tuesday,February,Q2,2023,FY2023-Q2
2024-02-03,Sunday,March,Q3,2023,FY2023-Q3
2024-02-04,Wednesday,August,Q4,2023,FY2023-Q4
2024-02-05,Sunday,December,Q1,2023,FY2023-Q1
2024-02-06,Thursday,September,Q2,2023,FY2023-Q2
2024-02-07,Friday,September,Q3,2023,FY2023-Q3
2024-02-08,Tuesday,November,Q4,2023,FY2023-Q4
2024-02-09,Wednesday,October,Q1,2023,FY2023-Q1
2024-02-10,Tuesday,June,Q2,2023,FY2023-Q2
2024-02-11,Wednesday,September,Q3,2023,FY2023-Q3
2024-02-12,Tuesday,May,Q4,2023,FY2023-Q4
2024-02-13,Thursday,May,Q1,2023,FY2023-Q1
2024-02-14,Monday,September,Q2,2023,FY2023-Q2
2024-02-15,Tuesday,August,Q3,2023,FY2023-Q3
2024-02-16,Monday,December,Q4,2023,FY2023-Q4
2024-02-17,Friday,January,Q1,2023,FY2023-Q1
2024-02-18,Thursday,November,Q2,2023,FY2023-Q2
2024-02-19,Thursday,January,Q3,2023,FY2023-Q3
2024-02-20,Thursday,July,Q4,2023,FY2023-Q4
2024-02-21,Sunday,February,Q1,2023,FY2023-Q1
2024-02-22,Sunday,January,Q2,2023,FY2023-Q2
2024-02-23,Wednesday,September,Q3,2023,FY2023-Q3
2024-02-24,Saturday,March,Q4,2023,FY2023-Q4
2024-02-25,Monday,September,Q1,2023,FY2023-Q1
2024-02-26,Monday,January,Q2,2023,FY2023-Q2
2024-02-27,Thursday,July,Q3,2023,FY2023-Q3
2024-02-28,Wednesday,August,Q4,2023,FY2023-Q4
2024-02-29,Tuesday,January,Q1,2023,FY2023-Q1
2024-03-01,Thursday,September,Q2,2023,FY2023-Q2
2024-03-02,Sunday,December,Q3,2023,FY2023-Q3
2024-03-03,Saturday,September,Q4,2023,FY2023-Q4
2024-03-04,Monday,February,Q1,2023,FY2023-Q1
2024-03-05,Friday,July,Q2,2023,FY2023-Q2
2024-03-06,Saturday,August,Q3,2023,FY2023-Q3
2024-03-07,Monday,October,Q4,2023,FY2023-Q4
2024-03-08,Sunday,July,Q1,2023,FY2023-Q1
2024-03-09,Tuesday,March,Q2,2023,FY2023-Q2
2024-03-10,Saturday,September,Q3,2023,FY2023-Q3
2024-03-11,Friday,March,Q4,2023,FY2023-Q4
2024-03-12,Sunday,March,Q1,2023,FY2023-Q1
2024-03-13,Tuesday,October,Q2,2023,FY2023-Q2
2024-03-14,Thursday,May,Q3,2023,FY2023-Q3
2024-03-15,Saturday,May,Q4,2023,FY2023-Q4
2024-03-16,Tuesday,February,Q1,2023,FY2023-Q1
2024-03-17,Friday,June,Q2,2023,FY2023-Q2
2024-03-18,Friday,April,Q3,2023,FY2023-Q3
2024-03-19,Friday,January,Q4,2023,FY2023-Q4
2024-03-20,Friday,June,Q1,2023,FY2023-Q1
2024-03-21,Sunday,July,Q2,2023,FY2023-Q2
2024-03-22,Thursday,January,Q3,2023,FY2023-Q3
2024-03-23,Sunday,February,Q4,2023,FY2023-Q4
2024-03-24,Saturday,June,Q1,2023,FY2023-Q1
2024-03-25,Monday,October,Q2,2023,FY2023-Q2
2024-03-26,Wednesday,May,Q3,2023,FY2023-Q3
2024-03-27,Monday,January,Q4,2023,FY2023-Q4
2024-03-28,Wednesday,February,Q1,2023,FY2023-Q1
2024-03-29,Thursday,May,Q2,2023,FY2023-Q2
2024-03-30,Thursday,January,Q3,2023,FY2023-Q3
2024-03-31,Monday,March,Q4,2023,FY2023-Q4
2024-04-01,Saturday,June,Q1,2023,FY2023-Q1
2024-04-02,Wednesday,July,Q2,2023,FY2023-Q2
2024-04-03,Thursday,July,Q3,2023,FY2023-Q3
2024-04-04,Saturday,February,Q4,2023,FY2023-Q4
2024-04-05,Sunday,November,Q1,2023,FY2023-Q1
2024-04-06,Saturday,February,Q2,2023,FY2023-Q2
2024-04-07,Thursday,November,Q3,2023,FY2023-Q3
2024-04-08,Wednesday,April,Q4,2023,FY2023-Q4
2024-04-09,Monday,June,Q1,2023,FY2023-Q1
2024-04-10,Saturday,November,Q2,2023,FY2023-Q2
2024-04-11,Wednesday,October,Q3,2023,FY2023-Q3
2024-04-12,Monday,September,Q4,2023,FY2023-Q4
2024-04-13,Sunday,February,Q1,2023,FY2023-Q1
2024-04-14,Saturday,November,Q2,2023,FY2023-Q2
2024-04-15,Friday,June,Q3,2023,FY2023-Q3
2024-04-16,Wednesday,March,Q4,2023,FY2023-Q4
2024-04-17,Sunday,January,Q1,2023,FY2023-Q1
2024-04-18,Thursday,August,Q2,2023,FY2023-Q2
2024-04-19,Saturday,June,Q3,2023,FY2023-Q3
2024-04-20,Monday,August,Q4,2023,FY2023-Q4
2024-04-21,Wednesday,July,Q1,2023,FY2023-Q1
2024-04-22,Sunday,October,Q2,2023,FY2023-Q2
2024-04-23,Friday,July,Q3,2023,FY2023-Q3
2024-04-24,Wednesday,May,Q4,2023,FY2023-Q4
2024-04-25,Tuesday,November,Q1,2023,FY2023-Q1
2024-04-26,Friday,June,Q2,2023,FY2023-Q2
2024-04-27,Sunday,May,Q3,2023,FY2023-Q3
2024-04-28,Tuesday,September,Q4,2023,FY2023-Q4
2024-04-29,Saturday,July,Q1,2023,FY2023-Q1
2024-04-30,Sunday,August,Q2,2023,FY2023-Q2
2024-05-01,Thursday,June,Q3,2023,FY2023-Q3
2024-05-02,Tuesday,October,Q4,2023,FY2023-Q4
2024-05-03,Sunday,October,Q1,2023,FY2023-Q1
2024-05-04,Wednesday,March,Q2,2023,FY2023-Q2
2024-05-05,Tuesday,March,Q3,2023,FY2023-Q3
2024-05-06,Friday,January,Q4,2023,FY2023-Q4
2024-05-07,Thursday,April,Q1,2023,FY2023-Q1
2024-05-08,Saturday,August,Q2,2023,FY2023-Q2
2024-05-09,Friday,November,Q3,2023,FY2023-Q3
2024-05-10,Sunday,November,Q4,2023,FY2023-Q4
2024-05-11,Sunday,January,Q1,2023,FY2023-Q1
2024-05-12,Monday,August,Q2,2023,FY2023-Q2
2024-05-13,Monday,February,Q3,2023,FY2023-Q3
2024-05-14,Thursday,December,Q4,2023,FY2023-Q4
